x,fx
-3.0,1.03379229100579437468946994206e-106
-2.992992992992993,1.94912260887180536237826047144e-106
-2.985985985985986,3.67474528974283356804785707944e-106
-2.978978978978979,6.92783370268286974745378151439e-106
-2.971971971971972,1.30601965254558398999639091042e-105
-2.964964964964965,2.46197665719904061377103674501e-105
-2.957957957957958,4.64087665052818340035809973175e-105
-2.950950950950951,8.7477811617874150944084878193e-105
-2.943943943943944,1.64883614033665577847455477753e-104
-2.936936936936937,3.10769724352826178535018960199e-104
-2.92992992992993,5.85708377612281917658231637769e-104
-2.9229229229229228,1.10383868413681632679523006339e-103
-2.915915915915916,2.08022894724284837647365476235e-103
-2.908908908908909,3.92010701632875939442822923815e-103
-2.901901901901902,7.38696230196250716461783904712e-103
-2.894894894894895,1.39192207733961986600269908702e-102
-2.8878878878878878,2.62267787982606503368560953825e-102
-2.880880880880881,4.94146678767951332309567311305e-102
-2.873873873873874,9.30995566097773872642575376079e-102
-2.866866866866867,1.75396149691937126416983941242e-101
-2.85985985985986,3.30425164612860489483815393467e-101
-2.8528528528528527,6.22453189157238695342897451371e-101
-2.845845845845846,1.17252120048030311208880257811e-100
-2.838838838838839,2.20858969492706482236786482775e-100
-2.831831831831832,4.15996437842906656112996591468e-100
-2.824824824824825,7.83509591354083976313411511479e-100
-2.8178178178178177,1.47563538001924325052852999511e-99
-2.810810810810811,2.77903322421062318390441160921e-99
-2.803803803803804,5.23345212906617002764373984682e-99
-2.7967967967967966,9.85513345734339727670009097648e-99
-2.78978978978979,1.85573688101376125567895569548e-98
-2.7827827827827827,3.49421658998010791422221461215e-98
-2.775775775775776,6.57904222574235301509827870953e-98
-2.7687687687687688,1.23866781331925539986406603925e-97
-2.7617617617617616,2.33198768852622707643540797159e-97
-2.754754754754755,4.39012383059375274529213037694e-97
-2.7477477477477477,8.26430425931399704332399907212e-97
-2.740740740740741,1.55566015608599389501260455018e-96
-2.7337337337337337,2.92820821670739728395186752166e-96
-2.7267267267267266,5.51147533569143344482201424784e-96
-2.71971971971972,1.03731906294259713284307773743e-95
-2.7127127127127126,1.95224948559197489734597190336e-95
-2.705705705705706,3.67397867462550657769160370846e-95
-2.6986986986986987,6.91379008212012150962237619651e-95
-2.6916916916916915,1.3009897608823107981454413182e-94
-2.684684684684685,2.44798969494371473274769963605e-94
-2.6776776776776776,4.60599216345007447183358284889e-94
-2.6706706706706704,8.66591832159260331269293470535e-94
-2.6636636636636637,1.63036055247960665998260579173e-93
-2.6566566566566565,3.06711655080051634322443149215e-93
-2.6496496496496498,5.76971465471070832054567594317e-93
-2.6426426426426426,1.08531475405799349948437858675e-92
-2.6356356356356354,2.04142897295020816610468540387e-92
-2.6286286286286287,3.83963477085682393761386267924e-92
-2.6216216216216215,7.22141842872852095250221343376e-92
-2.6146146146146148,1.35810057542110357949119492046e-91
-2.6076076076076076,2.55398335002998258720407825764e-91
-2.6006006006006004,4.80264814492513498301421954643e-91
-2.5935935935935936,9.03066917251395156118589097304e-91
-2.5865865865865865,1.69799114903230562176051466798e-90
-2.5795795795795797,3.19247209770657704096400685816e-90
-2.5725725725725725,6.00198447651575581010247967182e-90
-2.5655655655655654,1.12833631189004003989123849229e-89
-2.5585585585585586,2.12108498492353023795341941143e-89
-2.5515515515515514,3.98706439570899244829715159985e-89
-2.5445445445445447,7.4941774562568696555640766037e-89
-2.5375375375375375,1.40854297742359373580695747555e-88
-2.5305305305305303,2.64722895604691150002804723084e-88
-2.5235235235235236,4.97494222419811174230362715156e-88
-2.5165165165165164,9.3488797871049530255131595087e-88
-2.5095095095095097,1.75673384035394457797977771579e-87
-2.5025025025025025,3.30085978640072452680809749767e-87
-2.4954954954954953,6.20187148445872984184588068113e-87
-2.4884884884884886,1.16517962524756091560579503462e-86
-2.4814814814814814,2.1889573045775473769014353172e-86
-2.4744744744744747,4.11202592803117974274306831236e-86
-2.4674674674674675,7.72410904651519250442863528024e-86
-2.4604604604604603,1.45082422704190344121025645598e-85
-2.4534534534534536,2.72492719967894777506947454287e-85
-2.4464464464464464,5.11762619521892409247216380105e-85
-2.4394394394394396,9.61071321456792395672055402944e-85
-2.4324324324324325,1.80474531563561514034163551924e-84
-2.4254254254254253,3.38882640516325966631255007451e-84
-2.4184184184184185,6.36290823802845094261420538721e-84
-2.4114114114114114,1.19463374966395448106586651215e-83
-2.4044044044044046,2.24277921953342476199504742027e-83
-2.3973973973973974,4.21027760118933202437157602082e-83
-2.3903903903903903,7.90327772403401567031153288542e-83
-2.3833833833833835,1.48346019232108833542308466998e-82
-2.3763763763763763,2.78430320926639508443237321922e-82
-2.3693693693693696,5.22551347377728047710805615084e-82
-2.3623623623623624,9.80647808186071032162608822216e-82
-2.3553553553553552,1.84021527050838850950039415268e-81
-2.3483483483483485,3.45299148291119840554942092003e-81
-2.3413413413413413,6.4787843070592965957911100077e-81
-2.3343343343343346,1.21552109695958703830690439258e-80
-2.3273273273273274,2.28035399770228811554055848418e-80
-2.32032032032032,4.27772297887703492956395121005e-80
-2.3133133133133135,8.02404729650447521946552764098e-80
-2.3063063063063063,1.50502793871196775725838954133e-79
-2.2992992992992995,2.82270649541634891790831653874e-79
-2.2922922922922924,5.29366896250086442302100081085e-79
-2.285285285285285,9.926989179337202709696547357e-79
-2.2782782782782784,1.86143486643884389761126578458e-78
-2.2712712712712713,3.49017722211405034344143550382e-78
-2.2642642642642645,6.54359280021286629723103838248e-78
-2.2572572572572573,1.22674419551426513295185873273e-77
-2.25025025025025,2.29964355164506306395454769292e-77
-2.243243243243243,4.31057902244813592706759791862e-77
-2.2362362362362362,8.07939933292731943739007535918e-77
-2.2292292292292295,1.5142260597123001257098791681e-76
-2.2222222222222223,2.83772520147384337470555589632e-76
-2.215215215215215,5.31762534236790691149154609787e-76
-2.208208208208208,9.96397679868860727850821587424e-76
-2.201201201201201,1.86687417424487214245830417426e-75
-2.194194194194194,3.49755496859209410045568457444e-75
-2.1871871871871873,6.55210729523464123555332204875e-75
-2.18018018018018,1.22733803238144094817285811936e-74
-2.173173173173173,2.29886733709494193276508032038e-74
-2.166166166166166,4.30556289444472741343785509811e-74
-2.159159159159159,8.06328588844493756390209860464e-74
-2.1521521521521523,1.5099412565232091491403630767e-73
-2.145145145145145,2.82731173554391076048942304789e-73
-2.138138138138138,5.29362005238669994844155666978e-73
-2.131131131131131,9.91053359383243445561466715706e-73
-2.124124124124124,1.85526640714102613595019863795e-72
-2.1171171171171173,3.47280393452705510580562701776e-72
-2.11011011011011,6.50008081934205650533832191555e-72
-2.103103103103103,1.21652635077491267615722503008e-71
-2.096096096096096,2.27660832144572326012283498636e-71
-2.089089089089089,4.26009134875209784713660966165e-71
-2.0820820820820822,7.97100453569085992832248474145e-71
-2.075075075075075,1.4913188505051935139606258567e-70
-2.068068068068068,2.78991529490376112143665383557e-70
-2.061061061061061,5.21884426410715345241515787099e-70
-2.054054054054054,9.76158214363612194093147958493e-70
-2.047047047047047,1.82569569106080984515260522036e-69
-2.04004004004004,3.4142758914023487312514514296e-69
-2.033033033033033,6.3845547494287111485439592891e-69
-2.026026026026026,1.19377956273511980642509822124e-68
-2.019019019019019,2.23192151057404252962675954565e-68
-2.012012012012012,4.17248401521991453391411583463e-68
-2.005005005005005,7.7995789670782418278235779612e-68
-1.997997997997998,1.45783400825213290198843788703e-67
-1.990990990990991,2.72461509047244176769702044937e-67
-1.983983983983984,5.09169195039894939089046137642e-67
-1.976976976976977,9.51434035906535502311095496942e-67
-1.96996996996997,1.77768398455391921736391972531e-66
-1.962962962962963,3.32115741498033818517158071283e-66
-1.955955955955956,6.20416149109344941267394802815e-66
-1.9489489489489489,1.15887118367807069845136464404e-65
-1.941941941941942,2.16443910908235419475178241369e-65
-1.934934934934935,4.04215923611384599136828373542e-65
-1.927927927927928,7.5481234649117811495410477984e-65
-1.920920920920921,1.40935952870879936406665168517e-64
-1.9139139139139139,2.63124633765087624738049056123e-64
-1.906906906906907,4.9119938910662498335097486266e-64
-1.8998998998999,9.16875579058059727759034464921e-64
-1.892892892892893,1.71127162386360116061397918476e-63
-1.8858858858858858,3.19361914338003169331620512735e-63
-1.8788788788788788,5.9594008409586391272712861654e-63
-1.8718718718718719,1.11192895886779633379193974812e-62
-1.864864864864865,2.07446501802844989734821460343e-62
-1.857857857857858,3.86980856249929539935059249769e-62
-1.8508508508508508,7.2181648009001389001421840096e-62
-1.8438438438438438,1.34622516307064652506772528989e-61
-1.8368368368368369,2.51050945112298817650133338421e-61
-1.82982982982983,4.68121844238786041825565553824e-61
-1.822822822822823,8.72787431534759780946923657884e-61
-1.8158158158158157,1.6270849389633783667769239542e-60
-1.8088088088088088,3.03293961000057775431100212479e-60
-1.8018018018018018,5.65286643893002377309983345107e-60
-1.7947947947947949,1.05347620869211538229278106724e-59
-1.787787787787788,1.96305019354038575680076749113e-59
-1.7807807807807807,3.65753385517235756302792236343e-59
-1.7737737737737738,6.81389116974862437696761807848e-59
-1.7667667667667668,1.269262716021146235382152483e-58
-1.7597597597597598,2.364051566107081016567377177e-58
-1.7527527527527527,4.40261850872359339547005763095e-58
-1.7457457457457457,8.1981043559537217288138105565e-58
-1.7387387387387387,1.52638360459815486972036832852e-57
-1.7317317317317318,2.84158980568815193810572407868e-57
-1.7247247247247248,5.28939619269100971597472385242e-57
-1.7177177177177176,9.84458468694089289779412035222e-57
-1.7107107107107107,1.83203958800683642809055672178e-56
-1.7037037037037037,3.40892951699236097915199353212e-56
-1.6966966966966968,6.34229526988831179259244654137e-56
-1.6896896896896898,1.17983074214178666611631209486e-55
-1.6826826826826826,2.1945087566032892579289481239e-55
-1.6756756756756757,4.08130286722773716578547305887e-55
-1.6686686686686687,7.58933560740946614503189815586e-55
-1.6616616616616617,1.41108002884436931075629829761e-54
-1.6546546546546548,2.6232640363286771438967379122e-54
-1.6476476476476476,4.87611962748910391153442220433e-54
-1.6406406406406406,9.0625035968770465632183529787e-54
-1.6336336336336337,1.68408119683158347166912629275e-53
-1.6266266266266267,3.12909213643372475100449761669e-53
-1.6196196196196195,5.81317842348081812976347106797e-53
-1.6126126126126126,1.07981265664549937744592276388e-52
-1.6056056056056056,2.0054974212391922636118097251e-52
-1.5985985985985987,3.72421035782016475586356039766e-52
-1.5915915915915917,6.91487226026872384846360352354e-52
-1.5845845845845845,1.28372333550324957703615940484e-51
-1.5775775775775776,2.3828432413817257168768082671e-51
-1.5705705705705706,4.42237647512305765421825709818e-51
-1.5635635635635636,8.20637923954494823755009779045e-51
-1.5565565565565567,1.52258838478855780858247792313e-50
-1.5495495495495495,2.82454121020949359308111122653e-50
-1.5425425425425425,5.23898555095138361648913451527e-50
-1.5355355355355356,9.71582689028632922487177286173e-50
-1.5285285285285286,1.80154456741262332513915548188e-49
-1.5215215215215214,3.33996803767819249123888241918e-49
-1.5145145145145145,6.19114598733489460127508264024e-49
-1.5075075075075075,1.14744156845154079067908352345e-48
-1.5005005005005005,2.12627910475003528693107804552e-48
-1.4934934934934936,3.93948517500949700859056727108e-48
-1.4864864864864864,7.29772537604535265554988221029e-48
-1.4794794794794794,1.35164841306272929426655186841e-47
-1.4724724724724725,2.50303809435905113018796034514e-47
-1.4654654654654655,4.63444773464196330526769252299e-47
-1.4584584584584586,8.57935480022355442799435043706e-47
-1.4514514514514514,1.58794943786349984995417532718e-46
-1.4444444444444444,2.93861975549856127960579453643e-46
-1.4374374374374375,5.43718451283534104963589185644e-46
-1.4304304304304305,1.00583782093979029813019410026e-45
-1.4234234234234235,1.86039136250353176009753805356e-45
-1.4164164164164164,3.44034794324792037258765173306e-45
-1.4094094094094094,6.36094071442158267169052213816e-45
-1.4024024024024024,1.17587314098062625017472233724e-44
-1.3953953953953955,2.17329629101523401119708705601e-44
-1.3883883883883883,4.0160207179803499307952967596e-44
-1.3813813813813813,7.41977382575056795840666313619e-44
-1.3743743743743744,1.37057331862572508165581347284e-43
-1.3673673673673674,2.53122013598539083671341919428e-43
-1.3603603603603605,4.67382814122367368712308735085e-43
-1.3533533533533533,8.62839201762906263025617833661e-43
-1.3463463463463463,1.59257692449316064281488688293e-42
-1.3393393393393394,2.93889108129618009206697399886e-42
-1.3323323323323324,5.42223294435732266554742458851e-42
-1.3253253253253254,1.00019235856140737684079135072e-41
-1.3183183183183182,1.84458482298113067432585650934e-41
-1.3113113113113113,3.40112434582503749489428537114e-41
-1.3043043043043043,6.26980735182855104949128988253e-41
-1.2972972972972974,1.15556053801331581900487001805e-40
-1.2902902902902904,2.12930082633556610069174213963e-40
-1.2832832832832832,3.92270940406713688400957919118e-40
-1.2762762762762763,7.22501922196538473164636501842e-40
-1.2692692692692693,1.33043781052891655019682429375e-39
-1.2622622622622623,2.44935525970559317759003285231e-39
-1.2552552552552552,4.50826589496301104421157841439e-39
-1.2482482482482482,8.29596090110387148059014828977e-39
-1.2412412412412412,1.52623769682192724176907276495e-38
-1.2342342342342343,2.80720943918126939928039444094e-38
-1.2272272272272273,5.16206477432415956002780199278e-38
-1.2202202202202201,9.49001489445846079385142531831e-38
-1.2132132132132132,1.74423076686384334796645251439e-37
-1.2062062062062062,3.20503938012104042988963547022e-37
-1.1991991991991993,5.88781191608736849066932752608e-37
-1.1921921921921923,1.08134517807155679541107501331e-36
-1.1851851851851851,1.98547003876575849994295890503e-36
-1.1781781781781782,3.64459758703115097448826382388e-36
-1.1711711711711712,6.68839242807885537517729011786e-36
-1.1641641641641642,1.22709578903262387364040573995e-35
-1.1571571571571573,2.25070385431492254351304764862e-35
-1.15015015015015,4.12705257865291244674851126492e-35
-1.1431431431431431,7.56557550818344345892279941999e-35
-1.1361361361361362,1.38650932888768765114237302558e-34
-1.1291291291291292,2.54027649080533316150130520066e-34
-1.122122122122122,4.65280692258982644211682126059e-34
-1.115115115115115,8.51968181434237766199550584935e-34
-1.1081081081081081,1.55956847095450341439403388089e-33
-1.1011011011011012,2.85401755027610041032352324412e-33
-1.0940940940940942,5.22129603823358854278110629347e-33
-1.087087087087087,9.54921813396554122873829540489e-33
-1.08008008008008,1.74591633923578247758673329288e-32
-1.073073073073073,3.19112216880716522123382636652e-32
-1.0660660660660661,5.83077190982305545013984541656e-32
-1.0590590590590592,1.06504876703518433282525768192e-31
-1.052052052052052,1.94478643970806384540163847149e-31
-1.045045045045045,3.55002532230236760604802299981e-31
-1.038038038038038,6.47807814926446779238516845161e-31
-1.031031031031031,1.18171885330566308026085875044e-30
-1.0240240240240241,2.15493118702640541492820368717e-30
-1.017017017017017,3.92827496856305530226670575942e-30
-1.01001001001001,7.1584255477581956926751357269e-30
-1.003003003003003,1.30400179862011809022793888113e-29
-0.9959959959959961,2.37455238632124848201986379291e-29
-0.9889889889889889,4.32241043416957559319218777273e-29
-0.9819819819819822,7.86518030145497971177594134456e-29
-0.974974974974975,1.43063055535180278184236809736e-28
-0.9679679679679678,2.60123803602339515691865143728e-28
-0.9609609609609611,4.7278542750524361895822086667e-28
-0.9539539539539539,8.5896803784115281216287334155e-28
-0.9469469469469471,1.55997039750719285508604595389e-27
-0.93993993993994,2.83191087279877535546281354298e-27
-0.9329329329329328,5.13882771996594998063018681439e-27
-0.925925925925926,9.32109882965785379941800701599e-27
-0.9189189189189189,1.68999728977743980251963194662e-26
-0.9119119119119121,3.06279511292646321735637972857e-26
-0.9049049049049049,5.54830160809409058647718304336e-26
-0.8978978978978978,1.0046375967407821866692416388e-25
-0.890890890890891,1.81828955396944004857269346061e-25
-0.8838838838838838,3.28940875553955218506623206888e-25
-0.8768768768768771,5.94799626326920946821963957103e-25
-0.8698698698698699,1.07502448703272604465702892902e-24
-0.8628628628628627,1.94203726958843058986426671516e-24
-0.855855855855856,3.50658946904650050215810518756e-24
-0.8488488488488488,6.32844475617421345065628208831e-24
-0.8418418418418421,1.14153761552592814754670932124e-23
-0.8348348348348349,2.05807404604354314563708169059e-23
-0.8278278278278277,3.70856231609379592186261103125e-23
-0.820820820820821,6.67913418159924704730003180862e-23
-0.8138138138138138,1.20226677990896764648568961802e-22
-0.8068068068068066,2.16293568560905976900980504043e-22
-0.7997997997997999,3.88905718725548602030821505244e-22
-0.7927927927927927,6.98873855765735202736604905794e-22
-0.785785785785786,1.25517033398746646561932970557e-21
-0.7787787787787788,2.25294969793162906150471131703e-21
-0.7717717717717716,4.04148258986731425586117121873e-21
-0.7647647647647648,7.24545434180520033998111875285e-21
-0.7577577577577577,1.29813963218907362424250722099e-20
-0.7507507507507509,2.32435850163857856152901185147e-20
-0.7437437437437437,4.15916015099032198925057029131e-20
-0.7367367367367366,7.43744495844528682967449839138e-20
-0.7297297297297298,1.32908296833305610689268723851e-19
-0.7227227227227226,2.37347733689180705873450033427e-19
-0.7157157157157159,4.23562063805425837792399945811e-19
-0.7087087087087087,7.55339380022225332815680918357e-19
-0.7017017017017015,1.34602853470671604616717286381e-18
-0.6946946946946948,2.39688532200858710704263764143e-18
-0.6876876876876876,4.26495733162774829381432883132e-18
-0.6806806806806809,7.58315568029400400794757171954e-18
-0.6736736736736737,1.34724412542573450628457315436e-17
-0.6666666666666665,2.39164467877901417732437155494e-17
-0.6596596596596598,4.24222616596843187817855729295e-17
-0.6526526526526526,7.51848467714697758496194317849e-17
-0.6456456456456459,1.33136906094654430553010838831e-16
-0.6386386386386387,2.35553897369844573670236132164e-16
-0.6316316316316315,4.16387432097483655503277192224e-16
-0.6246246246246248,7.35380206588816434285856127846e-16
-0.6176176176176176,1.29755119726458281881921125829e-15
-0.6106106106106108,2.28731645181700858544617086616e-15
-0.6036036036036037,4.02817028450441112074737855132e-15
-0.5965965965965965,7.08695237628470175387640218954e-15
-0.5895895895895897,1.24557907148670216890429886743e-14
-0.5825825825825826,2.18691952031760083795930340948e-14
-0.5755755755755758,3.83559950423154824838635344512e-14
-0.5685685685685686,6.71987995767206930074578435238e-14
-0.5615615615615615,1.17599650341086195468352507469e-13
-0.5545545545545547,2.05567671926849919857248461351e-13
-0.5475475475475475,3.58918168819979144651870970638e-13
-0.5405405405405403,6.2591448546567376319466795749e-13
-0.5335335335335336,1.09018472438612547481332171258e-12
-0.5265265265265264,1.89642987286000137052667275031e-12
-0.5195195195195197,3.29466007354357229197399019146e-12
-0.5125125125125125,5.71618811485714901904919815018e-12
-0.5055055055055053,9.90395870143798752010914566803e-12
-0.4984984984984986,1.71356754004074196157745378588e-11
-0.4914914914914914,2.96051141709762795939509645717e-11
-0.48448448448448467,5.10725629530524234132685581916e-11
-0.4774774774774775,8.79722085730570459830525938046e-11
-0.4704704704704703,1.51293753476415862640400492213e-10
-0.46346346346346357,2.59773016756296805204095123578e-10
-0.4564564564564564,4.45290668390136696926031907848e-10
-0.44944944944944965,7.61987221889753636115104716716e-10
-0.44244244244244246,0.00000000130161735290309002107142557002
-0.4354354354354353,0.00000000221935333354723678647029405438
-0.42842842842842854,0.00000000377704218222021466648726062871
-0.42142142142142136,0.00000000641553758574467707751652760247
-0.4144144144144146,0.0000000108753282884795433585190099973
-0.40740740740740744,0.0000000183971558358721356962130703393
-0.40040040040040026,0.0000000310547041855235127596385313815
-0.3933933933933935,0.0000000523046541131785131886364979211
-0.38638638638638634,0.0000000878932739994411063459671942517
-0.3793793793793796,0.000000147345763342657193809146504081
-0.3723723723723724,0.000000246404572123988095377005811695
-0.36536536536536524,0.000000411007061196752687068404652944
-0.3583583583583585,0.000000683749928913095281934195377285
-0.3513513513513513,0.00000113435363251661871290312164582
-0.3443443443443446,0.0000018765315781387094747656683034
-0.3373373373373374,0.00000309506523613790360259737096276
-0.3303303303303302,0.00000508905932561966830688505060023
-0.3233233233233235,0.00000834070924124478516139073788784
-0.3163163163163163,0.0000136240632766470466694797835679
-0.30930930930930955,0.0000221760971764929967363008959109
-0.3023023023023024,0.000035964231270262318052415310216
-0.2952952952952952,0.0000581020559906837079567653953
-0.28828828828828845,0.0000934910748195794423066670182932
-0.28128128128128127,0.000149804267524220712950787549261
-0.2742742742742741,0.000238981948067980926736339133345
-0.26726726726726735,0.000379487834943967182889956502948
-0.26026026026026017,0.000599680967841710602648866829504
-0.25325325325325343,0.0009428057225942435445089920901
-0.24624624624624625,0.00147429656860341077128518043655
-0.23923923923923907,0.00229234356090132880564023805881
-0.23223223223223233,0.00354297073010553428436217156554
-0.22522522522522515,0.00544123291097130173461932991011
-0.2182182182182184,0.00830050627747193582866336720779
-0.21121121121121122,0.0125721674337933355490800253899
-0.20420420420420404,0.0188981034798625209276630642045
-0.1971971971971973,0.0281782691712812343209724783138
-0.19019019019019012,0.0416545986843969212807287676459
-0.18318318318318338,0.061010552404580139135897098144
-0.1761761761761762,0.0884818687893452091919319609675
-0.16916916916916902,0.126968049187008197664954605141
-0.16216216216216228,0.180125126826761896154842687168
-0.1551551551551551,0.252408069531773363538507620841
-0.14814814814814836,0.349016221000136952504516628299
-0.14114114114114118,0.475679445555860572856826197813
-0.134134134134134,0.638210419206856672814944233759
-0.12712712712712726,0.841747413274397962342370951315
-0.12012012012012008,1.0896333616715456913464669417
-0.11311311311311334,1.38193546540499526794951867844
-0.10610610610610616,1.71371928112409027747555739693
-0.09909909909909898,2.07335860440762004976453857818
-0.09209209209209224,2.44137326485173062872831923391
-0.08508508508508505,2.7904888776036115307765264933
-0.07807807807807832,3.08769903449765186943762310972
-0.07107107107107113,3.29891980517550229937278181532
-0.06406406406406395,3.39618206595354795152704953089
-0.057057057057057214,3.36612785253472014048158503727
-0.05005005005005003,3.2170704527938124615287634347
-0.04304304304304285,2.98075893688172064723236794121
-0.03603603603603611,2.70551173213806320960545763748
-0.02902902902902893,2.44080254075439932048274217815
-0.022022022022022192,2.21944059340946871254889492437
-0.01501501501501501,2.04839104164723882607522414324
-0.008008008008007828,1.91586233535959162217156808823
-0.0010010010010010895,1.80768296322914648956190448177
0.006006006006006093,1.71568313569722260519816577904
0.01301301301301283,1.63559136678433200290225268966
0.020020020020020013,1.56474160020150691132948402795
0.027027027027027195,1.50130472427329557615624447085
0.03403403403403393,1.44395674568379987127929372866
0.041041041041041115,1.39170291928948271475273444965
0.04804804804804785,1.34377455764724389327586923415
0.055055055055055035,1.29956427881115800062179478295
0.06206206206206222,1.25858332572959143465521026095
0.06906906906906896,1.22043233931422399742937266145
0.07607607607607614,1.18478071889797876865987857742
0.08308308308308288,1.15135167055368352646666469567
0.09009009009009006,1.1199111396600577582168731718
0.09709709709709724,1.09025946529892395642111437915
0.10410410410410398,1.06222498459540941388110754397
0.11111111111111116,1.03565906114776606433019681869
0.1181181181181179,1.01043217124988925531098587942
0.12512512512512508,0.986430787717834543648228679666
0.13213213213213226,0.963554873271030679632422421972
0.139139139139139,0.941715845433355952298029531688
0.14614614614614618,0.920834910206910569627786222267
0.15315315315315292,0.900841687063831802763148525985
0.1601601601601601,0.881673066190662989702515777418
0.16716716716716729,0.863272252464996337148073831303
0.17417417417417402,0.845587960740629505078581137964
0.1811811811811812,0.828573734626416085157515453226
0.18818818818818794,0.812187366736363748619465375155
0.19519519519519513,0.796390402839499005502650484111
0.2022022022022023,0.781147715788225265234974896732
0.20920920920920905,0.766427137799954902642246592964
0.21621621621621623,0.752199141789745387063057134217
0.2232232232232234,0.73843656413514669649537834051
0.23023023023023015,0.725114362598385867429255459066
0.23723723723723733,0.712209404210687803986675295909
0.24424424424424407,0.699700278795997606103225664746
0.25125125125125125,0.687567134520349321687153188458
0.25825825825825843,0.675791532432394362675909519555
0.26526526526526517,0.664356317436139822889577161818
0.27227227227227235,0.653245503529323122760181505456
0.2792792792792791,0.642444171465996978329108043715
0.2862862862862863,0.631938377272502133866697853739
0.29329329329329346,0.621715070272219493796582474501
0.3003003003003002,0.611762019464220743514167536628
0.3073073073073074,0.602067747260782722368160857903
0.3143143143143141,0.592621469723808494501515045569
0.3213213213213213,0.583413042554743699504126513882
0.3283283283283285,0.574432912190095385179284239108
0.3353353353353352,0.56567207143784305383049342069
0.3423423423423424,0.55712201916130349609518979009
0.34934934934934914,0.54877472357819256961056612623
0.3563563563563563,0.540622588795295614498079971735
0.3633633633633635,0.532658424244681179245992942516
0.37037037037037024,0.524875416726746510503542829275
0.3773773773773774,0.517267104799582723178428526708
0.38438438438438416,0.509827355283885139657702025883
0.39139139139139134,0.502550341678547851960579048159
0.3983983983983985,0.495430524304773155440182696399
0.40540540540540526,0.488462632016353240144661616218
0.41241241241241244,0.481641645331223432672056213463
0.4194194194194192,0.474962780854712929275541423011
0.42642642642642636,0.468421476878413086359571993805
0.43343343343343355,0.462013380050534114597541280504
0.4404404404404403,0.455734333024150302399990755896
0.44744744744744747,0.449580362999100240842991283831
0.4544544544544542,0.443547671081611834457941093778
0.4614614614614614,0.437632622393091079868309770453
0.46846846846846857,0.431831736866112932998645105507
0.4754754754754753,0.426141680671500488966915007527
0.4824824824824825,0.420559258225635818971689235389
0.48948948948948967,0.415081404731839344128777340444
0.4964964964964964,0.409705179213851055365475383073
0.5035035035035036,0.404427758003233957393505822733
0.5105105105105103,0.399246428645913304313413927927
0.5175175175175175,0.394158584196108486987551628806
0.5245245245245247,0.389161717868687155594746503124
0.5315315315315314,0.384253418023436709650024762262
0.5385385385385386,0.379431363457005423960167907705
0.5455455455455454,0.374693318980296916554255177219
0.5525525525525525,0.370037131260930144304723186139
0.5595595595595597,0.365460724912062679532764460773
0.5665665665665665,0.360962098810373544349338527583
0.5735735735735736,0.356539322627388770036083284177
0.5805805805805804,0.352190533559585857648396039962
0.5875875875875876,0.347913933243844012594883898521
0.5945945945945947,0.343707784845863892099986087172
0.6016016016016015,0.339570410310114091154262539058
0.6086086086086087,0.335500187760739849207215754904
0.6156156156156154,0.331495549043662182187217739568
0.6226226226226226,0.327554977400813745873659198224
0.6296296296296298,0.323677005268137247051635380237
0.6366366366366365,0.319860212189568499908878690673
0.6436436436436437,0.316103222839796272966222966813
0.6506506506506504,0.312404705149105184031256698243
0.6576576576576576,0.308763368524073048099374562219
0.6646646646646648,0.305177962158343528974481788791
0.6716716716716715,0.301647273428082693305161765445
0.6786786786786787,0.298170126367106529421443193641
0.6856856856856854,0.29474538021700797456940130437
0.6926926926926926,0.291371928047919006061782936252
0.6996996996996998,0.288048695445846725817369177849
0.7067067067067065,0.284774639262780231028396171253
0.7137137137137137,0.281548746426020871781267106159
0.7207207207207209,0.278370032803419689557468279986
0.7277277277277276,0.275237542121414033595288060095
0.7347347347347348,0.272150344932958651494711535646
0.7417417417417416,0.269107537632631270295739594172
0.7487487487487487,0.266108241516356636851941350579
0.7557557557557559,0.263151601883361957845725828345
0.7627627627627627,0.260236787178114168569423414309
0.7697697697697699,0.257362988170133694667102333936
0.7767767767767766,0.25452941716970638774564901955
0.7837837837837838,0.251735307277628678125777965614
0.790790790790791,0.248979911667242118804920366329
0.7977977977977977,0.246262502897106198835744486394
0.8048048048048049,0.243582372252762591490308915713
0.8118118118118116,0.240938829116132824116871892603
0.8188188188188188,0.238331200361170455713137197348
0.825825825825826,0.235758829774477027768741610782
0.8328328328328327,0.233221077499654814587329848623
0.8398398398398399,0.230717319504244932106053584421
0.8468468468468466,0.22824694706816373028066586788
0.8538538538538538,0.225809366292604794923960895815
0.860860860860861,0.223403997628439918194964169907
0.8678678678678677,0.221030275423196759540700185662
0.8748748748748749,0.218687647485745921619405257638
0.8818818818818817,0.216375574667877319707798177958
0.8888888888888888,0.214093530461984449776263830885
0.895895895895896,0.211841000614124250804098827607
0.9029029029029028,0.209617482751751350228623302546
0.9099099099099099,0.207422486025467239914402451619
0.9169169169169167,0.205255530764158574264976731843
0.9239239239239239,0.203116148142927121405470348466
0.930930930930931,0.201003879863251186923886715136
0.9379379379379378,0.198918277844839892606791476908
0.944944944944945,0.196858903928673612190253922186
0.9519519519519517,0.194825329590748823463965882212
0.9589589589589589,0.19281713566606551110571193694
0.9659659659659661,0.190833912082425172741867782774
0.9729729729729728,0.188875257603621310203619038336
0.97997997997998,0.186940779581629524147866527668
0.9869869869869872,0.185030093717423181948235551094
0.9939939939939939,0.183142823830054999533387510389
1.0010010010010006,0.181278601633665860642234994689
1.0080080080080078,0.179437066522097403187935050434
1.015015015015015,0.177617865360799010691797775805
1.0220220220220222,0.175820652285734607789765124736
1.0290290290290294,0.174045088509009993679569698675
1.0360360360360357,0.172290842130952576097106175592
1.0430430430430429,0.170557587958387492387661998773
1.05005005005005,0.168845007328869662860374779191
1.0570570570570572,0.167152787940635068032950563322
1.0640640640640644,0.165480623688052533259561749766
1.0710710710710707,0.163828214502363083650228176031
1.0780780780780779,0.162195266197503010917522570719
1.085085085085085,0.16058149032082057142214825261
1.0920920920920922,0.158986604008496786067654276917
1.0990990990990994,0.157410329845496678397872414887
1.1061061061061057,0.155852395729880720235017378421
1.113113113113113,0.154312534741313395310609681673
1.12012012012012,0.152790485013616981391512612863
1.1271271271271273,0.151285989611218311321546369972
1.1341341341341344,0.14979879640934927383675354687
1.1411411411411407,0.148328657977864082312434652678
1.148148148148148,0.14687533146854212877156210877
1.155155155155155,0.145438578505754158412515366761
1.1621621621621623,0.144018165080368379708202165571
1.1691691691691695,0.142613861446784620459602908706
1.1761761761761758,0.14122544202298533920343715806
1.183183183183183,0.139852685293497116684844107164
1.1901901901901901,0.138495373715164051983074364596
1.1971971971971973,0.137153293625632088611625623451
1.2042042042042045,0.135826235154453856625887081089
1.2112112112112108,0.134513992136723309222032975972
1.218218218218218,0.133216362029153418898913246654
1.2252252252252251,0.131933145828516681721152093222
1.2322322322322323,0.130664147992365795847477113857
1.2392392392392395,0.129409176361960506059175709984
1.2462462462462458,0.128168042087326630726558645476
1.253253253253253,0.126940559554375770524756380808
1.2602602602602602,0.125726546314020319138783573958
1.2672672672672673,0.12452582301321543502782596649
1.2742742742742745,0.123338213327867460019381718677
1.2812812812812808,0.122163543897547654947100044737
1.288288288288288,0.121001644261952451018181755945
1.2952952952952952,0.119852346799056381482926922314
1.3023023023023024,0.118715486664900888899072503851
1.3093093093093096,0.117590901734969439195806423638
1.3163163163163158,0.116478432547098044405041818769
1.323323323323323,0.115377922245872545913871621905
1.3303303303303302,0.114289216528468220250160293331
1.3373373373373374,0.113212163591884267136087475624
1.3443443443443446,0.112146614081532133756123613683
1.3513513513513509,0.111092421041135500648111994951
1.358358358358358,0.110049439863901037868854992259
1.3653653653653652,0.109017528244923469273894014962
1.3723723723723724,0.107996546134784816339443335946
1.3793793793793796,0.106986355694313957319999381018
1.3863863863863868,0.105986821250470948587345574451
1.393393393393393,0.104997809253322797559746085187
1.4004004004004003,0.10401918823407774583038739633
1.4074074074074074,0.103050828764148494100667607587
1.4144144144144146,0.102092603415211846695859441607
1.4214214214214218,0.101144386720237476993554839249
1.428428428428428,0.100206055135456976582317452109
1.4354354354354353,0.0992774870032455562437830844047
1.4424424424424425,0.098358562515891703664527983038
1.4494494494494496,0.0974491636802271578941899283652
1.4564564564564568,0.096549174283094379991658881226
1.4634634634634631,0.095658479857627190872002010567
1.4704704704704703,0.0947769676503210039153835704481
1.4774774774774775,0.0939045265888722879794017844362
1.4844844844844847,0.0930410472507633255522610787669
1.4914914914914918,0.092186421832573333096518382073
1.4984984984984981,0.0913405441199952049597374192065
1.5055055055055053,0.0905033094585379108082792370332
1.5125125125125125,0.0896746147248972754436859622207
1.5195195195195197,0.0888543582989748834311181614099
1.5265265265265269,0.088042440036528903368653037249
1.5335335335335332,0.0872387612424393218608844875084
1.5405405405405403,0.0864432246445704852055639115028
1.5475475475475475,0.0856557343682164077072002484621
1.5545545545545547,0.0848761959111113860375072796705
1.561561561561562,0.084104516118992245830485735995
1.5685685685685682,0.0833406031616972375587572502936
1.5755755755755754,0.0825843665097869189103800267113
1.5825825825825826,0.0818357169116747949435596017752
1.5895895895895897,0.0810945663712524426670816931314
1.596596596596597,0.0803608281259978149072805453906
1.6036036036036032,0.0796344166255535921646096174
1.6106106106106104,0.0789152475107631269919492389932
1.6176176176176176,0.078203237593153573261503232917
1.6246246246246248,0.0774983048348529672219371995074
1.631631631631632,0.0768003683289315517135343525927
1.6386386386386382,0.076109348280156247190208732227
1.6456456456456454,0.0754251659861472854891706341072
1.6526526526526526,0.0747477438189283206135006194747
1.6596596596596598,0.074077005206858410078122106597
1.666666666666667,0.073412874616937632284620136517
1.6736736736736733,0.0727552775374767410962301913312
1.6806806806806804,0.0721041404611213349016469590957
1.6876876876876876,0.0714593908682231681914977538761
1.6946946946946948,0.0708209572105484190280414753302
1.701701701701702,0.0701887688953159520432043222125
1.7087087087087083,0.0695627562695571195326017606211
1.7157157157157155,0.0689428506047890267144266024683
1.7227227227227226,0.0683289840819947842488441035779
1.7297297297297298,0.0677210897769019039088002714402
1.736736736736737,0.0671191016455528650803379235808
1.7437437437437433,0.0665229545101605238738698642927
1.7507507507507505,0.0659325840452412150536998951692
1.7577577577577577,0.0653479267640202095826452278405
1.7647647647647648,0.0647689200051015230646260282462
1.771771771771772,0.0641955019193970972019594141384
1.7787787787787783,0.0636276114573089040129145929764
1.7857857857857855,0.0630651883561577593420537003353
1.7927927927927927,0.0625081731278541889515403392626
1.7997997997997999,0.0619565070468044227330865099046
1.806806806806807,0.0614101321380470954558092835177
1.8138138138138133,0.0608689911656151033955342493895
1.8208208208208205,0.0603330276211171260667185589822
1.8278278278278277,0.0598021857125348701714023497354
1.834834834834835,0.0592764103532297769086671067195
1.841841841841842,0.0587556471511555740799965004143
1.8488488488488484,0.0582398423982716281642091152116
1.8558558558558556,0.0577289430601523639373655027891
1.8628628628628627,0.0572228967657893474374384444683
1.86986986986987,0.0567216517975804469374861247906
1.876876876876877,0.0562251570815029849851701320589
1.8838838838838843,0.0557333621774663635526739406045
1.8908908908908906,0.0552462172698404270134710447643
1.8978978978978978,0.0547636731581553357078572885273
1.904904904904905,0.0542856812479701555080710696582
1.9119119119119121,0.053812193541905261235616819089
1.9189189189189193,0.0533431626308360023857035470856
1.9259259259259256,0.0528785416852437781279024519493
1.9329329329329328,0.0524182844467209232985243339743
1.93993993993994,0.0519623452196269813628214402851
1.9469469469469471,0.05151067886289198656109451867
1.9539539539539543,0.0510632407819644973619921286297
1.9609609609609606,0.0506199869209010928549939426883
1.9679679679679678,0.0501808737545940060698023118044
1.974974974974975,0.0497458582811348989256346243952
1.9819819819819822,0.0493148980143108037229008775388
1.9889889889889893,0.048887950976230302817950010305
1.9959959959959956,0.048464975690077023506325011007
2.003003003003003,0.0480459311729874843698215511165
2.01001001001001,0.0476307769290515910964646575098
2.017017017017017,0.047219472942432182220796522038
2.0240240240240244,0.0468119796706019994085830765913
2.0310310310310307,0.0464082580376954064153339349177
2.038038038038038,0.0460082694279723277063676794591
2.045045045045045,0.0456119756793928378526687446218
2.052052052052052,0.0452193390772992073044412955983
2.0590590590590594,0.04483032234820399096029326163
2.0660660660660657,0.0444448886536817912022644806965
2.073073073073073,0.0440630015843623698938668177458
2.08008008008008,0.0436846251540238740262395386076
2.0870870870870872,0.0433097237937831612332455691387
2.0940940940940944,0.042938262346382084721489997501
2.1011011011011007,0.042570206060567592967944625502
2.108108108108108,0.0422055205855635618957444170547
2.115115115115115,0.0418441719656333104069638201122
2.1221221221221223,0.0414861266347300495654187802746
2.1291291291291294,0.0411313514112342994987433261546
2.1361361361361357,0.0407798134927763437393389657596
2.143143143143143,0.0404314804511418689150752633694
2.15015015015015,0.0400863202272598428939652744843
2.1571571571571573,0.0397443011262702134615885342848
2.1641641641641645,0.0394053918126705149879681593671
2.1711711711711708,0.0390695613055397023892670709668
2.178178178178178,0.0387367789738375229582818716667
2.185185185185185,0.0384070145317786416063759556533
2.1921921921921923,0.0380802380342792513156935100218
2.1991991991991995,0.0377564198724754817305863849581
2.2062062062062058,0.0374355307693120005473403574243
2.213213213213213,0.0371175417751993367451134779301
2.22022022022022,0.0368024242637392443782716984252
2.2272272272272273,0.0364901499275160265217503228578
2.2342342342342345,0.0361806907739532441592557349749
2.241241241241241,0.0358740191212343562823135177013
2.248248248248248,0.0355701075942859625859134017348
2.255255255255255,0.0352689291208230710645544156542
2.2622622622622623,0.0349704569274544918657179211195
2.2692692692692695,0.0346746645358478309951229930713
2.276276276276276,0.0343815257589528443200722692274
2.283283283283283,0.0340910146972818698202091620031
2.29029029029029,0.0338031057352468999170119426129
2.2972972972972974,0.0335177735375515253397441791256
2.3043043043043046,0.0332349930456373272782768983268
2.311311311311311,0.0329547394741835490295222282368
2.318318318318318,0.0326769883076589558416941646739
2.325325325325325,0.0324017152969254473466331226775
2.3323323323323324,0.0321288964558918330334802837844
2.3393393393393396,0.0318585080582174061924283673868
2.346346346346346,0.0315905266340642547670964131766
2.353353353353353,0.0313249289668973175787146444581
2.3603603603603602,0.0310616920903318208304219184885
2.3673673673673674,0.0308007932850266242725916209543
2.3743743743743746,0.0305422100756231750218695704588
2.381381381381381,0.0302859202277291124737786009321
2.388388388388388,0.0300319017449455953654654430085
2.3953953953953953,0.0297801328659380738073776314653
2.4024024024024024,0.0295305920615491425051090883327
2.4094094094094096,0.0292832580319532035676339453613
2.416416416416417,0.0290381097038520603414011692518
2.423423423423423,0.0287951262277108005084406665574
2.4304304304304303,0.028554286975033092881693665163
2.4374374374374375,0.028315571535675718298048519889
2.4444444444444446,0.0280789597152010261963683636704
2.451451451451452,0.0278444315322671648320503929651
2.458458458458458,0.0276119672160552881514630989626
2.4654654654654653,0.0273815472037329792428793039872
2.4724724724724725,0.0271531521379537179339064792245
2.4794794794794797,0.0269267628643912317555974737679
2.486486486486487,0.0267023604293085595908118325766
2.493493493493493,0.0264799260771611316838460938398
2.5005005005005003,0.0262594412482331566181585666614
2.5075075075075075,0.0260408875763071929005392634538
2.5145145145145147,0.025824246886365791461483802583
2.521521521521522,0.0256095011923251284380265056503
2.528528528528528,0.0253966326947999360765290159041
2.5355355355355353,0.0251856237788991125664319054449
2.5425425425425425,0.0249764570120519096700958696186
2.5495495495495497,0.0247691151418636600955733798092
2.556556556556557,0.0245635810940009926464954997228
2.563563563563563,0.0243598379701058979359033710072
2.5705705705705704,0.0241578690457380760883872788167
2.5775775775775776,0.0239576577683454920790793923568
2.5845845845845847,0.02375918775526217792054109199
2.591591591591592,0.0235624427917332258137775208166
2.598598598598598,0.023367406828966432277564856442
2.6056056056056054,0.0231740639822100228329414523605
2.6126126126126126,0.0229823985288564357606747155458
2.6196196196196198,0.0227923949065712550131882857041
2.626626626626627,0.0226040377114472692248074783834
2.6336336336336332,0.0224173116961831326424329565119
2.6406406406406404,0.0222322017682861458809672085266
2.6476476476476476,0.0220486929882991099809246572068
2.6546546546546548,0.0218667705680504277675939847898
2.661661661661662,0.0216864198689274394062160073749
2.6686686686686683,0.0215076264001725091616259791616
2.6756756756756754,0.0213303758172014186867734024921
2.6826826826826826,0.0211546539199440392843444112363
2.68968968968969,0.020980446651206508402346094613
2.696696696696697,0.0208077400950549127141003280431
2.7037037037037033,0.0206365204752200388860885053677
2.7107107107107105,0.020466774153522757595448941072
2.7177177177177176,0.0202984876283200690949030862054
2.724724724724725,0.0201316475329710433238317482347
2.731731731731732,0.0199662406343226948497029897599
2.7387387387387383,0.0198022538312153783586421106029
2.7457457457457455,0.0196396741530073034670330578168
2.7527527527527527,0.0194784887581182091302994157273
2.75975975975976,0.0193186849325914763394258174184
2.766766766766767,0.0191602500886747302616645716366
2.7737737737737733,0.0190031717634185475788498063672
2.7807807807807805,0.0188474376172928969721845171913
2.7877877877877877,0.01869303543282136311372197537
2.794794794794795,0.0185399531132324751498044488494
2.801801801801802,0.0183881786811281999275150729853
2.8088088088088083,0.0182377002771692431326131814126
2.8158158158158155,0.0180885061587768129166109948924
2.8228228228228227,0.0179405846988509048052561556856
2.82982982982983,0.0177939243845044680841167657371
2.836836836836837,0.0176485138158135214578547312658
2.8438438438438434,0.0175043417045828862137217547364
2.8508508508508505,0.01736139687312721580682369945
2.8578578578578577,0.017219668253067387650925350392
2.864864864864865,0.017079144884141653715351199438
2.871871871871872,0.0169398159130316239205600693428
2.8788788788788784,0.016801670592202771796808378231
2.8858858858858856,0.0166646982787591755820652508594
2.8928928928928928,0.0165288884333125303443774025581
2.8998998998999,0.0163942306188649214678670235494
2.906906906906907,0.0162607144997053786251802189597
2.9139139139139143,0.0161283298403199408118535875887
2.9209209209209206,0.0159970665043150650889108550741
2.9279279279279278,0.0158669144533540879008166819557
2.934934934934935,0.0157378637461068159398491407922
2.941941941941942,0.0156099045372117145596943694012
2.9489489489489493,0.0154830270762507774388279501595
2.9559559559559556,0.015357221706736811168465245112
2.962962962962963,0.0152324788651128893719003736398
2.96996996996997,0.015108789079764024826460383092
2.976976976976977,0.0149861429700406099209350331093
2.9839839839839843,0.0148645312452936587384651486053
2.9909909909909906,0.0147439447039216339962600482
2.997997997997998,0.0146243742324286177531820066827
3.005005005005005,0.0145058108044938902406956118394
3.012012012012012,0.0143882454800524614170336802911
3.0190190190190194,0.0142716694043866435612381478755
3.0260260260260257,0.01415607380722841254877177401
3.033033033033033,0.0140414500018723624985283332937
3.04004004004004,0.0139277893842993097404053566279
3.047047047047047,0.0138150834323101257962024637226
3.0540540540540544,0.0137033237046698610092698689451
3.0610610610610607,0.0135925018402619694515300209501
3.068068068068068,0.0134826095572524056683196024721
3.075075075075075,0.013373638652263680343455000361
3.0820820820820822,0.0132655809995584672887182781219
3.0890890890890894,0.0131584285502328271708222856661
3.0960960960960957,0.0130521733314188709312245697163
3.103103103103103,0.0129468074454966477633971186562
3.11011011011011,0.0128423230693153455794589306877
3.1171171171171173,0.0127387124534234163618145737161
3.1241241241241244,0.0126359679213077020195406577722
3.1311311311311307,0.0125340818686413698485900638428
3.138138138138138,0.0124330467625404977365923726076
3.145145145145145,0.0123328551408293554066533521154
3.1521521521521523,0.0122334996113140392429067179367
3.1591591591591595,0.012134972851064528800859746012
3.1661661661661658,0.0120372676057049870544285619526
3.173173173173173,0.0119403766887121546896608932856
3.18018018018018,0.0118442929807218868497033002904
3.1871871871871873,0.0117490094288435073112955967508
3.1941941941941945,0.0116545190459820480302671482977
3.2012012012012008,0.0115608149101682144478058647602
3.208208208208208,0.0114678901638959137305034241244
3.215215215215215,0.011375738013467433566172216758
3.2222222222222223,0.0112843517283459253121710120772
3.2292292292292295,0.0111937246405152825555161123127
3.236236236236236,0.0111038501438472576368163860821
3.243243243243243,0.011014721693475664194017101379
3.25025025025025,0.0109263328051777527536855981971
3.2572572572572573,0.0108386770547624304162516526087
3.2642642642642645,0.0107517480774654148395303360338
3.271271271271271,0.0106655395673511744186359490373
3.278278278278278,0.010580045276721511773148253149
3.285285285285285,0.0104952590155308767298141604104
3.2922922922922924,0.0104111746508080960852560155097
3.2992992992992995,0.010327786106084609275713251523
3.306306306306306,0.0102450873608290705395646175199
3.313313313313313,0.0101630724498881830984663110513
3.32032032032032,0.0100817354629338504981503068793
3.3273273273273274,0.0100010705439163476919512362857
3.3343343343343346,0.00992107189052359972957559472059
3.341341341341341,0.00984173375364643672076190959083
3.348348348348348,0.00976305043684969842798198905293
3.3553553553553552,0.00968501629584927240704377602432
3.3623623623623624,0.00960762573799478270372580599965
3.3693693693693696,0.00953087322175801554806472097476
3.376376376376376,0.00945475325622695824557771017542
3.383383383383383,0.00937926040060533190938030012582
3.3903903903903903,0.00930438926371770058376551023556
3.3973973973973974,0.00923013450351988737922475904799
3.4044044044044046,0.00915649082661478251030059831658
3.411411411411412,0.00908345298777341681922775599938
3.418418418418418,0.00901101578946125567968844051073
3.4254254254254253,0.00893917408136959197579613845842
3.4324324324324325,0.0088679227599521189074549367561
3.4394394394394396,0.00879725676796642858036700096013
3.446446446446447,0.00872717109402051927423029606831
3.453453453453453,0.0086576607721242024172195384406
3.4604604604604603,0.00858872088124530426168675046301
3.4674674674674675,0.00852034654487074140719188073136
3.4744744744744747,0.00845253293057222814013977269105
3.481481481481482,0.00838527524957669672808826738938
3.488488488488488,0.00831856875634132773394210975717
3.4954954954954953,0.00825240874813309118522270555582
3.5025025025025025,0.00818679056461287606389190998361
3.5095095095095097,0.00812170958742397744530628765961
3.516516516516517,0.00805716123978502060550847501794
3.523523523523523,0.0079931409860872248071235955168
3.5305305305305303,0.00792964433149591305867164374986
3.5375375375375375,0.00786666682155634357311178937291
3.5445445445445447,0.00780420404180364300400170269327
3.551551551551552,0.00774225161737691891168042809193
3.558558558558558,0.00768080521263745881618670603542
3.5655655655655654,0.00761986053079093169542940596005
3.5725725725725725,0.00755941331351365250354421940665
3.5795795795795797,0.0074994593405827222448214051265
3.586586586586587,0.00743999442951009687656378575667
3.593593593593593,0.00738101443518051074308549932226
3.6006006006006004,0.00732251524949317051244022405251
3.6076076076076076,0.00726449280100727965508751835929
3.6146146146146148,0.00720694305459121457126916320357
3.621621621621622,0.00714986201107540478960344861341
3.6286286286286282,0.00709324570690884696263614048586
3.6356356356356354,0.00703709021381917255335684689901
3.6426426426426426,0.00698139163847633199310344515772
3.6496496496496498,0.00692614612215971254891896162477
3.656656656656657,0.00687134984042876139344018893493
3.6636636636636633,0.00681699900279702738229477347317
3.6706706706706704,0.00676308985240955766787980169512
3.6776776776776776,0.00670961866572370590520381890688
3.684684684684685,0.0066565817521931819074980232032
3.691691691691692,0.00660397545395540100700128062563
3.6986986986986983,0.00655179614552206995966608421627
3.7057057057057055,0.00650004023347293008442570833699
3.7127127127127126,0.00644870415615272440741068843581
3.71971971971972,0.00639778438337122204158238797817
3.726726726726727,0.00634727741610636076278792742883
3.7337337337337333,0.00629717978621043727920820638409
3.7407407407407405,0.00624748805611928775076681968842
3.7477477477477477,0.00619819881856450570105415339628
3.754754754754755,0.00614930869628854868204004128469
3.761761761761762,0.00610081434176278949919357818535
3.7687687687687683,0.00605271243690844562661526905
3.7757757757757755,0.00600499969282033237533976850742
3.7827827827827827,0.00595767284949348595756301145029
3.78978978978979,0.00591072867555251439246887574844
3.796796796796797,0.0058641639679837301749060169114
3.8038038038038033,0.00581797555187000491607590445964
3.8108108108108105,0.00577216028012828476317372384487
3.8178178178178177,0.0057267150332498276807990541419
3.824824824824825,0.00568163671904301083230134985948
3.831831831831832,0.00563692227237877015032449164492
3.8388388388388384,0.00559256865493861214931068427083
3.8458458458458455,0.00554857285496514034993170861674
3.8528528528528527,0.00550493188701515559695085848967
3.85985985985986,0.00546164279171518521522217654692
3.866866866866867,0.00541870263551950122920794830551
3.8738738738738734,0.0053761085104705707094473335884
3.8808808808808806,0.00533385753396188352063574600726
3.8878878878878878,0.00529194684850321497546188780673
3.894894894894895,0.00525037362148818471775655582437
3.901901901901902,0.00520913504496417022488722303123
3.9089089089089084,0.0051682283354045208307806825758
3.9159159159159156,0.00512765073348302028164072208609
3.9229229229229228,0.00508739950385065357834290625288
3.92992992992993,0.00504747193491454549863057555897
3.936936936936937,0.00500786533861912738490445348693
3.9439439439439443,0.00496857705022947561794254592098
3.9509509509509506,0.00492960442811680847450569595469
3.957957957957958,0.0048909448535460870888352090508
3.964964964964965,0.00485259573046577421148924440256
3.971971971971972,0.00481455448529962505800385457433
3.9789789789789793,0.00477681856674056471282827800196
3.9859859859859856,0.00473938544554660368089455966316
3.992992992992993,0.00470225261433874508624593584735
4.0,0.00466541758740093552967759192399
